countrycode,country,year,rgdpe,emp,hc,rkna
BRA,"Brazil",1950,89666,19.696496963501,1.30044388771057,965539.875
BRA,"Brazil",1951,93575.3203125,20.2455577850342,1.30809342861176,983623.6875
BRA,"Brazil",1952,100258.640625,20.814136505127,1.31578814983368,1009941.5
BRA,"Brazil",1953,103663.28125,21.4030895233154,1.32352793216705,1030332.8125
BRA,"Brazil",1954,112733.34375,22.0133152008057,1.33131337165833,1052112.5
BRA,"Brazil",1955,123580.15625,22.6457614898682,1.33914458751678,1072537.25
BRA,"Brazil",1956,127166.3125,23.3014221191406,1.35034668445587,1099619.25
BRA,"Brazil",1957,135673.15625,23.9813404083252,1.36164247989655,1137094.875
BRA,"Brazil",1958,149242.59375,24.6866092681885,1.37303268909454,1176163
BRA,"Brazil",1959,159248.828125,25.4183883666992,1.38451826572418,1216672.75
BRA,"Brazil",1960,177142.4375,26.1778812408447,1.3960999250412,1254886.125
BRA,"Brazil",1961,192504.421875,26.7984867095947,1.40659320354462,1272407
BRA,"Brazil",1962,206124.578125,27.4454612731934,1.41716527938843,1319653.625
BRA,"Brazil",1963,208103.09375,28.1202163696289,1.42781686782837,1365597.25
BRA,"Brazil",1964,217692.34375,28.8242454528809,1.4385484457016,1408549.375
BRA,"Brazil",1965,223910.296875,29.5591354370117,1.44936072826386,1448706
BRA,"Brazil",1966,239142.390625,30.3265686035156,1.46191036701202,1505816.25
BRA,"Brazil",1967,254557.84375,31.1283321380615,1.47456860542297,1577959.375
BRA,"Brazil",1968,276938.75,31.9663257598877,1.48733639717102,1676693.125
BRA,"Brazil",1969,291610.9375,32.8425674438477,1.50021481513977,1799142.5
BRA,"Brazil",1970,331845.03125,33.7591934204102,1.51320481300354,1931603.875
BRA,"Brazil",1971,369921.8125,35.677116394043,1.50219655036926,2087421
BRA,"Brazil",1972,415079.59375,37.5893821716309,1.49126839637756,2273576.5
BRA,"Brazil",1973,475298.3125,42.1144523620605,1.48041987419128,2507409.5
BRA,"Brazil",1974,503499.59375,43.0926399230957,1.4696501493454,2773108
BRA,"Brazil",1975,528171.9375,44.167407989502,1.45895874500275,3061014.25
BRA,"Brazil",1976,580594.1875,45.3451728820801,1.46344685554504,3362507
BRA,"Brazil",1977,600753.8125,49.7305717468262,1.46794879436493,3643035
BRA,"Brazil",1978,620051.75,51.3118591308594,1.4724645614624,3936492.75
BRA,"Brazil",1979,657297.3125,50.3403930664063,1.47699427604675,4232904
BRA,"Brazil",1980,661064.3125,49.7253684997559,1.48153781890869,4551678.5
BRA,"Brazil",1981,669880.8125,51.7870292663574,1.50794196128845,4825293.5
BRA,"Brazil",1982,689713.375,54.5609092712402,1.53481662273407,5079498
BRA,"Brazil",1983,682062.6875,55.1973495483398,1.56217014789581,5262828
BRA,"Brazil",1984,721960,57.2742881774902,1.59001123905182,5440133
BRA,"Brazil",1985,758729.8125,61.6193504333496,1.61834859848022,5634484
BRA,"Brazil",1986,860333.25,63.349437713623,1.63802647590637,5918809.5
BRA,"Brazil",1987,889041.8125,65.5833511352539,1.65794384479523,6184132.5
BRA,"Brazil",1988,902415.0625,67.7912979125977,1.67810320854187,6433552.5
BRA,"Brazil",1989,912854.6875,69.1382522583008,1.69850778579712,6691139.5
BRA,"Brazil",1990,885780.5625,70.8692016601563,1.71669137477875,6746008
BRA,"Brazil",1991,944316.5,71.0243759155273,1.74462711811066,6922431
BRA,"Brazil",1992,980538.8125,71.0424652099609,1.77301752567291,7062017
BRA,"Brazil",1993,1056446.25,71.6135635375977,1.80186975002289,7226924
BRA,"Brazil",1994,1190280,72.3131332397461,1.8311915397644,7454684
BRA,"Brazil",1995,1389038.25,73.0674438476563,1.86099052429199,7713035.5
BRA,"Brazil",1996,1667190.375,71.5514450073242,1.89644837379456,7945012.5
BRA,"Brazil",1997,1616979.25,72.733024597168,1.932581782341,8205479.5
BRA,"Brazil",1998,1559408.5,72.4048461914063,1.96940386295319,8441993
BRA,"Brazil",1999,1496293,76.3384857177734,2.0069272518158,8614011
BRA,"Brazil",2000,1516619.75,78.7113265991211,2.04516577720642,8809037
BRA,"Brazil",2001,1504753.375,79.342658996582,2.08590292930603,8999222
BRA,"Brazil",2002,1535067.25,82.5056381225586,2.12745189666748,9160588
BRA,"Brazil",2003,1533252.5,84.0051956176758,2.16982817649841,9293749
BRA,"Brazil",2004,1619027.375,88.3107147216797,2.21304869651794,9470260
BRA,"Brazil",2005,1651608,91.034797668457,2.25713014602661,9654850
BRA,"Brazil",2006,1804225,93.4186172485352,2.29880857467651,9868718
BRA,"Brazil",2007,2004713.25,94.8991546630859,2.34125638008118,10145938
BRA,"Brazil",2008,2218564.25,96.4185104370117,2.3844883441925,10494090
BRA,"Brazil",2009,2316633.5,96.8421401977539,2.42851853370667,10800051
BRA,"Brazil",2010,2684073.75,100.79182434082,2.47336173057556,11207451
BRA,"Brazil",2011,2982536.25,102.876731872559,2.5608959197998,11662182
BRA,"Brazil",2012,2989361.75,105.160545349121,2.62187433242798,12151691
BRA,"Brazil",2013,3080763.5,105.966407775879,2.68430471420288,12779529
BRA,"Brazil",2014,3064498.75,105.908615112305,2.74822163581848,13311433
BWA,"Botswana",1980,2251.98193359375,0.232665240764618,1.35892617702484,9754.298828125
BWA,"Botswana",1981,2479.79711914063,0.240908592939377,1.41894972324371,10892.095703125
BWA,"Botswana",1982,2491.02172851563,0.249055325984955,1.48162436485291,11951.9716796875
BWA,"Botswana",1983,2716.72778320313,0.256921619176865,1.54706740379334,12759.1025390625
BWA,"Botswana",1984,3184.8125,0.265445739030838,1.61540102958679,13380.80078125
BWA,"Botswana",1985,3914.9296875,0.274852991104126,1.68675303459167,14232.67578125
BWA,"Botswana",1986,4878.353515625,0.302941501140594,1.74837827682495,15138.2734375
BWA,"Botswana",1987,5473.39501953125,0.332326233386993,1.8063759803772,15984.7958984375
BWA,"Botswana",1988,6414.96728515625,0.363022208213806,1.86629748344421,17356.62890625
BWA,"Botswana",1989,8272.2529296875,0.395048856735229,1.9282066822052,20409.8984375
BWA,"Botswana",1990,8687.5,0.428405225276947,1.99216961860657,23532.470703125
BWA,"Botswana",1991,9139.2001953125,0.463104009628296,2.04076838493347,26267.580078125
BWA,"Botswana",1992,9235.5234375,0.491566985845566,2.09055280685425,28623.5390625
BWA,"Botswana",1993,9614.2373046875,0.498946011066437,2.14155173301697,30753.814453125
BWA,"Botswana",1994,10163.5693359375,0.518594026565552,2.19379472732544,32714.623046875
BWA,"Botswana",1995,11141.0830078125,0.536045014858246,2.24731206893921,34855.890625
BWA,"Botswana",1996,13368.171875,0.450558006763458,2.28850150108337,36889.2890625
BWA,"Botswana",1997,14476.609375,0.581891000270844,2.33044576644897,39676.67578125
BWA,"Botswana",1998,14266.578125,0.519921004772186,2.37315845489502,42854.0625
BWA,"Botswana",1999,16621.951171875,0.637004971504211,2.41665434837341,46553.2265625
BWA,"Botswana",2000,17822.814453125,0.580453991889954,2.46094727516174,50154.78125
BWA,"Botswana",2001,17634.701171875,0.559779524803162,2.494708776474,53870.4140625
BWA,"Botswana",2002,18394.869140625,0.669634997844696,2.52893304824829,57661.078125
BWA,"Botswana",2003,19085.912109375,0.561903953552246,2.56243538856506,61574.7421875
BWA,"Botswana",2004,20568.884765625,0.693565011024475,2.58605027198792,65928.65625
BWA,"Botswana",2005,23613.412109375,0.727635979652405,2.60988306999207,70357.15625
BWA,"Botswana",2006,25107.4921875,0.656877994537354,2.6307475566864,75317.5078125
BWA,"Botswana",2007,25748.228515625,0.795462012290955,2.65177893638611,81197.671875
BWA,"Botswana",2008,24899.72265625,0.795332014560699,2.67297863960266,87155.171875
BWA,"Botswana",2009,22978.263671875,0.828173995018005,2.69434762001038,93814.28125
BWA,"Botswana",2010,26033.560546875,0.864124953746796,2.71588730812073,101228.2265625
BWA,"Botswana",2011,29128.1171875,0.887522995471954,2.73850703239441,109925.4609375
BWA,"Botswana",2012,29166.185546875,0.911548972129822,2.76163005828857,120304.8984375
BWA,"Botswana",2013,30886.61328125,0.937986969947815,2.78527045249939,128983.5703125
BWA,"Botswana",2014,35908.015625,0.954060018062592,2.80944228172302,139822.1875
CHN,"China",1952,515462.8125,209.909362792969,1.11096262931824,495817.75
CHN,"China",1953,566197.4375,215.164993286133,1.12313485145569,517064.34375
CHN,"China",1954,578074.5625,220.442504882813,1.13544034957886,544015.125
CHN,"China",1955,611264.5625,224.787506103516,1.14788067340851,569533.8125
CHN,"China",1956,654037.3125,230.479995727539,1.16129648685455,601874.4375
CHN,"China",1957,710112.625,237.357498168945,1.17486906051636,638674
CHN,"China",1958,789277.125,254.592498779297,1.18860018253326,704365.75
CHN,"China",1959,788445.9375,266.265014648438,1.2024918794632,802392.125
CHN,"China",1960,740097.375,262.821136474609,1.21654582023621,887659.4375
CHN,"China",1961,539199.6875,260.23876953125,1.23711764812469,912265.8125
CHN,"China",1962,601922.4375,260.764678955078,1.2580372095108,919103.6875
CHN,"China",1963,668159.3125,266.439483642578,1.2793105840683,941306.5625
CHN,"China",1964,761998.25,276.049591064453,1.30094373226166,978848.6875
CHN,"China",1965,828336.5625,286.742156982422,1.32294273376465,1034936.875
CHN,"China",1966,893297.125,297.4521484375,1.34139287471771,1108158.5
CHN,"China",1967,859955.75,308.328765869141,1.36010038852692,1153292.625
CHN,"China",1968,823027.75,319.040252685547,1.37906873226166,1196818.25
CHN,"China",1969,925836.5625,331.26171875,1.39830160140991,1249407.125
CHN,"China",1970,1038634.75,344.018310546875,1.41780281066895,1345059.5
CHN,"China",1971,1112717.875,358.581420898438,1.44256675243378,1449826.875
CHN,"China",1972,1113112,370.760711669922,1.4677631855011,1553748.75
CHN,"China",1973,1188522.375,381.241882324219,1.49339985847473,1663911.875
CHN,"China",1974,1199714.625,394.449432373047,1.51948416233063,1789866
CHN,"China",1975,1259276.375,407.957733154297,1.54602420330048,1940378
CHN,"China",1976,1255957.25,420.913848876953,1.57184684276581,2080414.5
CHN,"China",1977,1292414.5,432.581970214844,1.59810090065002,2223858
CHN,"China",1978,1459760.25,445.504364013672,1.62479341030121,2399245.5
CHN,"China",1979,1528231.5,460.541748046875,1.65193176269531,2577517.5
CHN,"China",1980,1563493.625,479.116912841797,1.67952346801758,2783240.75
CHN,"China",1981,1628167.75,500.900299072266,1.70278441905975,2977514
CHN,"China",1982,1781943.125,519.148620605469,1.72211301326752,3194943.25
CHN,"China",1983,1898942.125,533.197387695313,1.74005961418152,3434470
CHN,"China",1984,2123950,546.715942382813,1.75819325447083,3711716.25
CHN,"China",1985,2295097.5,560.242248535156,1.77651596069336,4049091.5
CHN,"China",1986,2415650.5,572.087097167969,1.7926766872406,4411368.5
CHN,"China",1987,2600728,582.424499511719,1.80898439884186,4796401.5
CHN,"China",1988,2682387.75,598.148498535156,1.82544052600861,5236381.5
CHN,"China",1989,2679917.75,619.076232910156,1.84204638004303,5563448.5
CHN,"China",1990,2755448,637.074829101563,1.85880327224731,5851508
CHN,"China",1991,2936986.5,651.200012207031,1.89138042926788,6200813.5
CHN,"China",1992,3192967.5,658.215026855469,1.92452871799469,6703614
CHN,"China",1993,3483308,664.799987792969,1.95825791358948,7418662
CHN,"China",1994,3764241.75,671.315002441406,1.99257814884186,8222817.5
CHN,"China",1995,4222166.5,677.599975585938,2.02749991416931,9086238
CHN,"China",1996,4362428.5,685.075012207031,2.05961394309998,10025209
CHN,"China",1997,4657996.5,693.849975585938,2.09223628044128,11010464
CHN,"China",1998,4652117.5,702.284973144531,2.12537574768066,12159789
CHN,"China",1999,4925991.5,710.155029296875,2.15903973579407,13342564
CHN,"China",2000,5229666,717.39501953125,2.19323706626892,14586433
CHN,"China",2001,5620697,725.549987792969,2.21074175834656,16002954
CHN,"China",2002,6249123,733.825012207031,2.22838592529297,17620104
CHN,"China",2003,6770642,740.859985351563,2.24617099761963,19592794
CHN,"China",2004,7526537.5,748.159973144531,2.26409816741943,21840018
CHN,"China",2005,8356256,755.125,2.28216814994812,24356182
CHN,"China",2006,9352954,761.125,2.29400229454041,27190004
CHN,"China",2007,10370261,766.950012207031,2.30589771270752,30325914
CHN,"China",2008,10658064,772.349975585938,2.31785488128662,33799556
CHN,"China",2009,11616172,777.375,2.32987403869629,38334244
CHN,"China",2010,12680616,781.376770019531,2.3419554233551,43438692
CHN,"China",2011,13758196,784.426940917969,2.37319254875183,48872912
CHN,"China",2012,14834279,788.870788574219,2.40484619140625,54674592
CHN,"China",2013,15904816,793.022277832031,2.43692231178284,60943980
CHN,"China",2014,17080304,798.367797851563,2.46942591667175,67590072
GBR,"United Kingdom",1950,464160.03125,21.983060836792,2.43450427055359,2184398.75
GBR,"United Kingdom",1951,470908.4375,22.2315044403076,2.44469380378723,2237428.5
GBR,"United Kingdom",1952,476519.6875,22.4827537536621,2.45492601394653,2270846.25
GBR,"United Kingdom",1953,505250.21875,22.7368431091309,2.46520090103149,2318865.5
GBR,"United Kingdom",1954,524218.1875,22.993803024292,2.47551894187927,2371362
GBR,"United Kingdom",1955,544802.8125,23.2536678314209,2.48588013648987,2440471
GBR,"United Kingdom",1956,559482.75,23.5164699554443,2.49860095977783,2508133.5
GBR,"United Kingdom",1957,570517.3125,23.5449848175049,2.51138687133789,2579788.25
GBR,"United Kingdom",1958,576679.1875,23.2844123840332,2.52423858642578,2640245.5
GBR,"United Kingdom",1959,597268.875,23.3591423034668,2.53715562820435,2713106.75
GBR,"United Kingdom",1960,626110.25,23.7740936279297,2.5501389503479,2813235.25
GBR,"United Kingdom",1961,643506.75,24.0499744415283,2.57157015800476,2913184.5
GBR,"United Kingdom",1962,653347,24.1829357147217,2.58991956710815,2997102.75
GBR,"United Kingdom",1963,677193.6875,24.2446842193604,2.60839986801147,3084920
GBR,"United Kingdom",1964,718838.4375,24.5718593597412,2.62701201438904,3229570.25
GBR,"United Kingdom",1965,739280.8125,24.8203506469727,2.64575695991516,3366823.5
GBR,"United Kingdom",1966,756647.375,24.8771209716797,2.66463565826416,3497729.75
GBR,"United Kingdom",1967,775746.75,24.5882911682129,2.68364930152893,3643381.5
GBR,"United Kingdom",1968,804196.4375,24.4797306060791,2.70279836654663,3806656.5
GBR,"United Kingdom",1969,821052.375,24.4891929626465,2.72208428382874,3958919.5
GBR,"United Kingdom",1970,843932.0625,24.4254512786865,2.7415075302124,4105843.25
GBR,"United Kingdom",1971,858432.875,24.3644199371338,2.76375412940979,4251445.5
GBR,"United Kingdom",1972,886394.125,24.4231357574463,2.78618144989014,4389150.5
GBR,"United Kingdom",1973,929486.4375,24.7982921600342,2.80879044532776,4543412
GBR,"United Kingdom",1974,869943.25,24.8925952911377,2.83158326148987,4682207.5
GBR,"United Kingdom",1975,866802.5625,24.8265075683594,2.85456085205078,4805111.5
GBR,"United Kingdom",1976,907256.5,24.6985950469971,2.87772464752197,4929271.5
GBR,"United Kingdom",1977,954395.8125,24.7386741638184,2.90107679367065,5045754.5
GBR,"United Kingdom",1978,1028903.25,24.8741874694824,2.92461824417114,5171337
GBR,"United Kingdom",1979,1092312.875,25.0995178222656,2.94835090637207,5303411
GBR,"United Kingdom",1980,1116202,24.9533996582031,2.97227597236633,5402248.5
GBR,"United Kingdom",1981,1094011.125,24.1129474639893,2.99403405189514,5467771.5
GBR,"United Kingdom",1982,1097571.625,23.7014007568359,3.01595163345337,5549436
GBR,"United Kingdom",1983,1124439.625,23.6514854431152,3.03802943229675,5644459
GBR,"United Kingdom",1984,1135733.875,24.1725788116455,3.06026864051819,5767542
GBR,"United Kingdom",1985,1168065.625,24.3912963867188,3.08267092704773,5898776
GBR,"United Kingdom",1986,1199685.75,24.4415397644043,3.10523724555969,6030965
GBR,"United Kingdom",1987,1265695,24.9726867675781,3.12796854972839,6191356.5
GBR,"United Kingdom",1988,1342672.25,25.8532199859619,3.15086627006531,6406763.5
GBR,"United Kingdom",1989,1386590.25,26.5848598480225,3.17393183708191,6639394
GBR,"United Kingdom",1990,1417084.625,26.7023868560791,3.19716620445251,6776785.5
GBR,"United Kingdom",1991,1401382.125,25.9264469146729,3.22711420059204,6870654.5
GBR,"United Kingdom",1992,1414992.5,25.3455924987793,3.25734281539917,6966937.5
GBR,"United Kingdom",1993,1464739.875,25.1717052459717,3.28785467147827,7066573.5
GBR,"United Kingdom",1994,1519652.375,25.3744468688965,3.31865215301514,7189066.5
GBR,"United Kingdom",1995,1589474.625,25.6517906188965,3.34973835945129,7350978
GBR,"United Kingdom",1996,1674592.625,25.9005336761475,3.38111543655396,7519429.5
GBR,"United Kingdom",1997,1801385.75,26.3804149627686,3.41278648376465,7664252
GBR,"United Kingdom",1998,1888442,26.6531639099121,3.4447546005249,7832531
GBR,"United Kingdom",1999,1962497.625,27.0119800567627,3.47702193260193,7996395.5
GBR,"United Kingdom",2000,2088803.375,27.3173503875732,3.50959134101868,8162493
GBR,"United Kingdom",2001,2143772,27.5344371795654,3.52848124504089,8312354
GBR,"United Kingdom",2002,2175498.25,27.7632732391357,3.54747271537781,8467400
GBR,"United Kingdom",2003,2197157.75,28.0528144836426,3.56656646728516,8621608
GBR,"United Kingdom",2004,2289328.5,28.3592357635498,3.5857629776001,8781973
GBR,"United Kingdom",2005,2318674.5,28.6797008514404,3.60506272315979,8950883
GBR,"United Kingdom",2006,2404280.75,29.0042190551758,3.62446665763855,9129126
GBR,"United Kingdom",2007,2456709,29.2898769378662,3.64397478103638,9327239
GBR,"United Kingdom",2008,2421007.5,29.6077575683594,3.66358780860901,9483548
GBR,"United Kingdom",2009,2323915.25,29.2177047729492,3.68330645561218,9557016
GBR,"United Kingdom",2010,2288598.25,29.357385635376,3.70313143730164,9652181
GBR,"United Kingdom",2011,2304464.75,29.5505886077881,3.7108952999115,9753055
GBR,"United Kingdom",2012,2389794.25,29.8997650146484,3.71867561340332,9856324
GBR,"United Kingdom",2013,2500343.75,30.2626171112061,3.72647213935852,9966144
GBR,"United Kingdom",2014,2588790.5,30.9620456695557,3.7342848777771,10107181
IND,"India",1950,311607.0625,129.460144042969,1.13054633140564,1494518.875
IND,"India",1951,324445.5,132.622573852539,1.13267874717712,1496957
IND,"India",1952,333498.96875,135.603881835938,1.13481521606445,1483752.375
IND,"India",1953,351218.15625,138.763793945313,1.13695573806763,1483445.375
IND,"India",1954,366944.0625,142.094161987305,1.13910031318665,1498352
IND,"India",1955,375288.625,145.597640991211,1.14124894142151,1521932.375
IND,"India",1956,390536.21875,148.90739440918,1.13978254795074,1562333.375
IND,"India",1957,389701.8125,152.399978637695,1.1383181810379,1588728.5
IND,"India",1958,417727.53125,155.704711914063,1.1368556022644,1628683.625
IND,"India",1959,426977,159.568252563477,1.13539493083954,1667299.25
IND,"India",1960,460436.25,163.621429443359,1.13393616676331,1700093.75
IND,"India",1961,476941.34375,167.578628540039,1.14029347896576,1729751.625
IND,"India",1962,496433.65625,168.625915527344,1.14668643474579,1770839.75
IND,"India",1963,530964.8125,169.907440185547,1.15311527252197,1819975.375
IND,"India",1964,570821.125,171.478912353516,1.1595801115036,1876908.875
IND,"India",1965,561092.4375,172.896606445313,1.16608119010925,1933552.375
IND,"India",1966,557768.375,174.776062011719,1.16899657249451,2000260.125
IND,"India",1967,601072.0625,176.410690307617,1.17191934585571,2063743
IND,"India",1968,629751,177.802688598633,1.17484927177429,2117770.25
IND,"India",1969,698212.4375,179.635635375977,1.17778670787811,2179376
IND,"India",1970,710405.6875,181.220993041992,1.18073129653931,2244626.75
IND,"India",1971,736020.75,184.209884643555,1.18974387645721,2316683.5
IND,"India",1972,756668.4375,187.442077636719,1.19882524013519,2396442.25
IND,"India",1973,801835.75,190.891662597656,1.2079758644104,2466262
IND,"India",1974,783663.0625,194.522445678711,1.21719634532928,2536472.75
IND,"India",1975,864604.6875,197.98274230957,1.22648727893829,2617306.5
IND,"India",1976,857978.8125,201.83869934082,1.23796153068542,2716223.5
IND,"India",1977,861100.0625,205.519561767578,1.24954319000244,2827486.75
IND,"India",1978,847408.75,209.371505737305,1.26123321056366,2936771.75
IND,"India",1979,790889.4375,212.780685424805,1.27303266525269,3036048.25
IND,"India",1980,796642.9375,216.732498168945,1.28494238853455,3160566.25
IND,"India",1981,795009.4375,229.449768066406,1.30297839641571,3289251.75
IND,"India",1982,789465.4375,235.185302734375,1.32126760482788,3418680
IND,"India",1983,799692.8125,243.945449829102,1.33981347084045,3549601.5
IND,"India",1984,797259.9375,252.743225097656,1.3586198091507,3682168.25
IND,"India",1985,808840.1875,261.896118164063,1.37768995761871,3820135.5
IND,"India",1986,855973.9375,271.407135009766,1.39887464046478,3971474.75
IND,"India",1987,912733.5,280.933319091797,1.42038512229919,4127112.5
IND,"India",1988,991285.6875,290.829742431641,1.44222629070282,4297724.5
IND,"India",1989,1062941,301.107238769531,1.4644033908844,4489381
IND,"India",1990,1130542.75,311.777770996094,1.48692142963409,4710773.5
IND,"India",1991,1160336.25,326.716369628906,1.50910270214081,4902708.5
IND,"India",1992,1226893.25,334.032836914063,1.53161489963531,5113163
IND,"India",1993,1318973.625,341.467834472656,1.55446290969849,5316227
IND,"India",1994,1412035.25,349.097869873047,1.57765173912048,5558686
IND,"India",1995,1517852,356.959106445313,1.60118639469147,5870469
IND,"India",1996,1652006.125,365.088562011719,1.6403032541275,6161651
IND,"India",1997,1755670.625,373.525604248047,1.68037557601929,6445366
IND,"India",1998,1882952.125,382.324432373047,1.71839702129364,6754154
IND,"India",1999,2011391.5,391.520721435547,1.74994456768036,7108676.5
IND,"India",2000,2116589.75,401.005096435547,1.782071352005,7446701.5
IND,"India",2001,2233382.75,422.173950195313,1.79678165912628,7823593
IND,"India",2002,2362708.25,440.704864501953,1.81161344051361,8230789.5
IND,"India",2003,2577726,460.248474121094,1.82656764984131,8725686
IND,"India",2004,2774973.25,485.54443359375,1.84164524078369,9434591
IND,"India",2005,3087941.5,488.932739257813,1.85684728622437,10289320
IND,"India",2006,3432264.75,487.967376708984,1.87820076942444,11271791
IND,"India",2007,3847446.5,488.847778320313,1.89979958534241,12414958
IND,"India",2008,4144903.75,485.541107177734,1.9216468334198,13563116
IND,"India",2009,4575295.5,485.387603759766,1.94374537467957,14804420
IND,"India",2010,5207026.5,487.509185791016,1.96609807014465,16199758
IND,"India",2011,5691067.5,490.443817138672,1.98789155483246,17782550
IND,"India",2012,5970888,492.678955078125,2.00992655754089,19225518
IND,"India",2013,6355420.5,501.315002441406,2.03220582008362,20533568
IND,"India",2014,6766623,510.278778076172,2.05473208427429,21898016
ITA,"Italy",1950,203680,18.7663955688477,1.79351770877838,1093390.625
ITA,"Italy",1951,219549.53125,19.0710945129395,1.80532491207123,1134568.75
ITA,"Italy",1952,226213.859375,19.3807392120361,1.81720972061157,1177738.75
ITA,"Italy",1953,244363.671875,19.6954116821289,1.82917284965515,1231746
ITA,"Italy",1954,256569.140625,20.0151920318604,1.84121477603912,1291343.5
ITA,"Italy",1955,274477.90625,20.3401641845703,1.85333597660065,1367604.125
ITA,"Italy",1956,285528.09375,20.6704158782959,1.86500906944275,1446329.125
ITA,"Italy",1957,299465.71875,20.7397804260254,1.8767557144165,1530116.375
ITA,"Italy",1958,315349.40625,20.7820053100586,1.88857638835907,1614445.625
ITA,"Italy",1959,337213.90625,20.964973449707,1.90047144889832,1708798.125
ITA,"Italy",1960,360766.0625,20.9378299713135,1.91244149208069,1824476.625
ITA,"Italy",1961,392687.96875,21.0710620880127,1.92709136009216,1958244.875
ITA,"Italy",1962,416147.09375,21.0095710754395,1.94185364246368,2099499.5
ITA,"Italy",1963,438135.125,20.6611194610596,1.95672881603241,2246274.25
ITA,"Italy",1964,450013.5625,20.5893783569336,1.97171819210052,2362911.75
ITA,"Italy",1965,462375.125,20.0871963500977,1.9868221282959,2460071.75
ITA,"Italy",1966,488277.3125,19.7592449188232,2.00204181671143,2568456.75
ITA,"Italy",1967,524429.8125,20.0052089691162,2.01737833023071,2701367.25
ITA,"Italy",1968,558050.875,19.9949607849121,2.03283214569092,2841865.75
ITA,"Italy",1969,594270.4375,19.8514804840088,2.04840421676636,3004033.75
ITA,"Italy",1970,678866.125,19.943717956543,2.06409573554993,3257131.25
ITA,"Italy",1971,695266.875,19.9595432281494,2.08577346801758,3504604.25
ITA,"Italy",1972,732181.0625,19.9119262695313,2.10767889022827,3751997.25
ITA,"Italy",1973,782415.125,20.1682891845703,2.1298143863678,4012174
ITA,"Italy",1974,817003.6875,20.448356628418,2.15218234062195,4275192.5
ITA,"Italy",1975,809881.1875,20.4502582550049,2.17478513717651,4499779
ITA,"Italy",1976,883962.5,20.6592235565186,2.19762563705444,4719149
ITA,"Italy",1977,932752.75,20.7291088104248,2.22070574760437,4940885.5
ITA,"Italy",1978,990416.5,20.8080348968506,2.24402809143066,5157626
ITA,"Italy",1979,1076979.625,21.0611572265625,2.26759552955627,5388029.5
ITA,"Italy",1980,1139966.875,21.3978958129883,2.29141068458557,5630414.5
ITA,"Italy",1981,1115353.625,21.4192199707031,2.31639218330383,5852016
ITA,"Italy",1982,1107747.125,21.5024662017822,2.34164619445801,6047218.5
ITA,"Italy",1983,1100792.375,21.5806579589844,2.36717534065247,6226402
ITA,"Italy",1984,1116943,21.5902786254883,2.39298295974731,6414648.5
ITA,"Italy",1985,1129173.5,21.8087520599365,2.4190719127655,6597973.5
ITA,"Italy",1986,1202951.375,21.97536277771,2.44544529914856,6784475.5
ITA,"Italy",1987,1262063.25,22.0364398956299,2.47210597991943,6984008
ITA,"Italy",1988,1327056.625,22.2750988006592,2.49905776977539,7203709
ITA,"Italy",1989,1388423.625,22.4283390045166,2.52630305290222,7428477
ITA,"Italy",1990,1451212.5,22.787805557251,2.55384540557861,7657068
ITA,"Italy",1991,1502684.75,23.2226276397705,2.5766487121582,7877492.5
ITA,"Italy",1992,1528693.5,22.988655090332,2.59761786460876,8080122
ITA,"Italy",1993,1514929.5,22.3150482177734,2.61875796318054,8214781.5
ITA,"Italy",1994,1570155.875,21.9134216308594,2.64006972312927,8350616.5
ITA,"Italy",1995,1635086.5,21.8329658508301,2.66155529022217,8524313
ITA,"Italy",1996,1659484.75,21.9121799468994,2.68321537971497,8699861
ITA,"Italy",1997,1730860.875,21.9299774169922,2.70505213737488,8874289
ITA,"Italy",1998,1832098.125,22.1091461181641,2.72706627845764,9060733
ITA,"Italy",1999,1875024.625,22.3264617919922,2.74925971031189,9257801
ITA,"Italy",2000,1930855.5,22.7555770874023,2.77163362503052,9479905
ITA,"Italy",2001,1978189.5,23.2295074462891,2.79335689544678,9704432
ITA,"Italy",2002,1913135,23.6820640563965,2.81525039672852,9942682
ITA,"Italy",2003,1895623,24.0667247772217,2.83731555938721,10167357
ITA,"Italy",2004,1905045.125,24.1994552612305,2.85955357551575,10397230
ITA,"Italy",2005,1907292.125,24.3307628631592,2.88196587562561,10628925
ITA,"Italy",2006,1993708.5,24.8215141296387,2.90455389022827,10873647
ITA,"Italy",2007,2109570.75,25.0747947692871,2.92731904983521,11117390
ITA,"Italy",2008,2161421.75,25.0105075836182,2.95026254653931,11328248
ITA,"Italy",2009,2111729,24.5028247833252,2.97338581085205,11464751
ITA,"Italy",2010,2116407.75,24.2797908782959,2.99669027328491,11598230
ITA,"Italy",2011,2154116.5,24.2853946685791,3.01423954963684,11717211
ITA,"Italy",2012,2159438.75,24.1363677978516,3.03189158439636,11783097
ITA,"Italy",2013,2148611.5,23.635498046875,3.04964733123779,11816712
ITA,"Italy",2014,2140824.25,23.5844440460205,3.06750679016113,11838729
JPN,"Japan",1950,217900.84375,38.1925659179688,2.29000067710876,94342.21875
JPN,"Japan",1951,243568.25,39.349609375,2.32251930236816,102510.1953125
JPN,"Japan",1952,265944.875,40.5417022705078,2.35549974441528,108792.25
JPN,"Japan",1953,278769.78125,41.7699127197266,2.38894844055176,114458.1171875
JPN,"Japan",1954,296208.1875,42.3036422729492,2.4228720664978,121121.2578125
JPN,"Japan",1955,321578.84375,43.6593284606934,2.45727729797363,129239.6640625
JPN,"Japan",1956,344195.71875,44.5239715576172,2.48412108421326,138999.15625
JPN,"Japan",1957,368275.03125,45.6981811523438,2.5112578868866,151393.515625
JPN,"Japan",1958,400186.84375,45.8796539306641,2.53869128227234,162061.375
JPN,"Japan",1959,440402.1875,46.2746162414551,2.56431722640991,175794.53125
JPN,"Japan",1960,500410,47.3527565002441,2.58314394950867,195784.75
JPN,"Japan",1961,556252.625,48.0145835876465,2.60400795936584,220930.4375
JPN,"Japan",1962,609715.9375,48.633716583252,2.62504005432129,245440.609375
JPN,"Japan",1963,660946.875,49.0500259399414,2.64624238014221,272148.96875
JPN,"Japan",1964,738342.25,49.690502166748,2.66761589050293,303721.75
JPN,"Japan",1965,785835.0625,50.4911041259766,2.68916201591492,333767.625
JPN,"Japan",1966,866356.0625,51.5265426635742,2.71088218688965,368941.375
JPN,"Japan",1967,959450.6875,52.5192909240723,2.73277759552002,413742.625
JPN,"Japan",1968,1081449.125,53.3946113586426,2.75485014915466,468811.125
JPN,"Japan",1969,1213476.75,53.8002433776855,2.77710056304932,533040.5
JPN,"Japan",1970,1343607.75,54.3766708374023,2.79953122138977,608902.6875
JPN,"Japan",1971,1430099.75,54.8080635070801,2.81945013999939,694863.25
JPN,"Japan",1972,1562533,55.087890625,2.83951044082642,799918
JPN,"Japan",1973,1687001.75,56.3110313415527,2.85971403121948,955551.8125
JPN,"Japan",1974,1640737,56.0548057556152,2.88006114959717,1129078.125
JPN,"Japan",1975,1695830.875,55.8701515197754,2.90055274963379,1295929
JPN,"Japan",1976,1801636.625,56.3247146606445,2.9211905002594,1476539.25
JPN,"Japan",1977,1920862.125,56.9929237365723,2.94197511672974,1685368.5
JPN,"Japan",1978,2081593.5,57.525390625,2.96290755271912,1947672
JPN,"Japan",1979,2196741.5,58.1010055541992,2.98398876190186,2269601.75
JPN,"Japan",1980,2255564.75,58.5075416564941,3.00522017478943,2611003.75
JPN,"Japan",1981,2245812.25,58.9913330078125,3.02206301689148,2949456
JPN,"Japan",1982,2208583.5,59.5168762207031,3.03900027275085,3276402.75
JPN,"Japan",1983,2176807.25,60.434757232666,3.05603265762329,3566812
JPN,"Japan",1984,2193488.75,60.6440048217773,3.07316040992737,3887254.75
JPN,"Japan",1985,2247612,60.9494743347168,3.09038424491882,4255401.5
JPN,"Japan",1986,2409646.5,61.1747627258301,3.10770440101624,4642246.5
JPN,"Japan",1987,2569083.25,61.3541030883789,3.12512159347534,5102742.5
JPN,"Japan",1988,2833216,62.0122756958008,3.14263677597046,5714586.5
JPN,"Japan",1989,3066236.25,62.8788528442383,3.16024994850159,6472479.5
JPN,"Japan",1990,3310624.25,63.9243469238281,3.17796182632446,7426721
JPN,"Japan",1991,3520327.5,65.2416458129883,3.19438242912292,8445595
JPN,"Japan",1992,3646375.75,66.0131072998047,3.21088767051697,9349726
JPN,"Japan",1993,3751564,66.3286819458008,3.22747826576233,10141822
JPN,"Japan",1994,3891495,66.4767990112305,3.24415493011475,10794113
JPN,"Japan",1995,4086793.5,66.7614898681641,3.26091766357422,11428861
JPN,"Japan",1996,4185543.75,66.8407897949219,3.27776670455933,12093383
JPN,"Japan",1997,4220555.5,67.2935104370117,3.29470300674438,12717146
JPN,"Japan",1998,4122129.75,66.4741439819336,3.31172680854797,13234014
JPN,"Japan",1999,4077627.25,65.5519790649414,3.32883858680725,13726952
JPN,"Japan",2000,4168137,65.0609283447266,3.34603881835938,14209026
JPN,"Japan",2001,4192286.5,64.7866516113281,3.36086773872375,14644794
JPN,"Japan",2002,4203300.5,64.0379486083984,3.37576270103455,15001111
JPN,"Japan",2003,4263261,64.1198425292969,3.39072346687317,15344156
JPN,"Japan",2004,4345763,64.5412826538086,3.40575051307678,15676058
JPN,"Japan",2005,4362915.5,65.1053237915039,3.42084431648254,16007295
JPN,"Japan",2006,4417873.5,65.4975280761719,3.43600463867188,16334464
JPN,"Japan",2007,4513596,65.8094100952148,3.45123267173767,16639870
JPN,"Japan",2008,4411770,65.5261917114258,3.46652793884277,16880308
JPN,"Japan",2009,4250640,64.5767135620117,3.48189091682434,16995378
JPN,"Japan",2010,4436785,64.352912902832,3.49732208251953,17106916
JPN,"Japan",2011,4383941,64.2486190795898,3.50793290138245,17226012
JPN,"Japan",2012,4451365,64.2526397705078,3.51857590675354,17372840
JPN,"Japan",2013,4497593.5,64.6045913696289,3.52925133705139,17542090
JPN,"Japan",2014,4483260.5,64.9853668212891,3.53995895385742,17726870
KOR,"Republic of Korea",1953,22207.46484375,6.27897787094116,1.8266019821167,45376.80859375
KOR,"Republic of Korea",1954,22688.509765625,6.3372049331665,1.84198462963104,45841.3203125
KOR,"Republic of Korea",1955,24379.439453125,6.39597272872925,1.85749673843384,46554.73828125
KOR,"Republic of Korea",1956,24610.478515625,6.45528411865234,1.80692088603973,46875.90625
KOR,"Republic of Korea",1957,27383.52734375,6.51514720916748,1.75772225856781,48901.34375
KOR,"Republic of Korea",1958,28172.20703125,6.57556438446045,1.70986318588257,50286.421875
KOR,"Republic of Korea",1959,28382.7109375,6.63654232025146,1.64859485626221,50998.171875
KOR,"Republic of Korea",1960,28397.69140625,6.69808530807495,1.58930730819702,51863.875
KOR,"Republic of Korea",1961,29864.546875,6.91634511947632,1.6320868730545,53154.97265625
KOR,"Republic of Korea",1962,30217.107421875,7.14171743392944,1.67601799964905,54716.33203125
KOR,"Republic of Korea",1963,34442.24609375,7.37443256378174,1.71817469596863,59000.1015625
KOR,"Republic of Korea",1964,37244.1171875,7.50606727600098,1.75291919708252,62055.6484375
KOR,"Republic of Korea",1965,39083.5390625,7.90974473953247,1.78836631774902,65257.3046875
KOR,"Republic of Korea",1966,44326.8984375,8.11743354797363,1.8245302438736,72341.0078125
KOR,"Republic of Korea",1967,47004.9609375,8.40897941589355,1.86142551898956,80567.4140625
KOR,"Republic of Korea",1968,52646.68359375,8.8350830078125,1.89906668663025,92594.1171875
KOR,"Republic of Korea",1969,60404.26171875,9.05349826812744,1.9374692440033,109455.09375
KOR,"Republic of Korea",1970,66017.671875,9.37722110748291,1.97664833068848,124233.265625
KOR,"Republic of Korea",1971,76885.7421875,9.70550441741943,2.01497268676758,139459.609375
KOR,"Republic of Korea",1972,88108.140625,10.1480464935303,2.05404019355774,154356.265625
KOR,"Republic of Korea",1973,107797.3515625,10.7372026443481,2.09386515617371,174169.921875
KOR,"Republic of Korea",1974,122441.3125,11.2234125137329,2.13446235656738,196872.8125
KOR,"Republic of Korea",1975,139583.84375,11.5028085708618,2.17584657669067,221349.75
KOR,"Republic of Korea",1976,159267.4375,12.2149648666382,2.21803307533264,253588.578125
KOR,"Republic of Korea",1977,175053.484375,12.5996904373169,2.26103758811951,297640
KOR,"Republic of Korea",1978,192629.671875,13.1718616485596,2.30487585067749,358220.875
KOR,"Republic of Korea",1979,201371.6875,13.3684940338135,2.34956431388855,420822
KOR,"Republic of Korea",1980,182709.46875,13.4414863586426,2.39511895179749,469439.84375
KOR,"Republic of Korea",1981,192920.4375,13.7779245376587,2.44942378997803,513344
KOR,"Republic of Korea",1982,209891.609375,14.1376667022705,2.50495982170105,563286.5625
KOR,"Republic of Korea",1983,237801.515625,14.2816343307495,2.56117534637451,623207.25
KOR,"Republic of Korea",1984,263014.90625,14.2529134750366,2.6001284122467,690320
KOR,"Republic of Korea",1985,280670.34375,14.8584451675415,2.63967394828796,760216.9375
KOR,"Republic of Korea",1986,325571.8125,15.4468660354614,2.6798210144043,842217.4375
KOR,"Republic of Korea",1987,374280.75,16.3407878875732,2.72057843208313,942229.1875
KOR,"Republic of Korea",1988,427239.8125,16.8906936645508,2.76195597648621,1055839.25
KOR,"Republic of Korea",1989,465860.03125,17.6004161834717,2.80396270751953,1187808.125
KOR,"Republic of Korea",1990,517734.6875,18.1285591125488,2.84660840034485,1358176.375
KOR,"Republic of Korea",1991,579309.5,18.6310806274414,2.87941026687622,1550892.875
KOR,"Republic of Korea",1992,625174.0625,18.9291553497314,2.91259026527405,1738294.625
KOR,"Republic of Korea",1993,683023.25,19.0914096832275,2.94615244865417,1937647.625
KOR,"Republic of Korea",1994,760514,19.6621131896973,2.9801013469696,2168441.75
KOR,"Republic of Korea",1995,847637.75,20.1925621032715,3.01444125175476,2428644.75
KOR,"Republic of Korea",1996,899581.3125,20.6085643768311,3.0491771697998,2703460
KOR,"Republic of Korea",1997,943046.4375,20.958532333374,3.08431339263916,2957999.75
KOR,"Republic of Korea",1998,891952.25,19.6817684173584,3.11985421180725,3114016.75
KOR,"Republic of Korea",1999,980609.625,20.023286819458,3.15580463409424,3293587.5
KOR,"Republic of Korea",2000,1041547.25,20.8515396118164,3.1921694278717,3510866
KOR,"Republic of Korea",2001,1085336.5,21.2437801361084,3.21872901916504,3719938.75
KOR,"Republic of Korea",2002,1177548,21.8392162322998,3.2455096244812,3944567.25
KOR,"Republic of Korea",2003,1223522.875,21.8316459655762,3.27251291275024,4177347.5
KOR,"Republic of Korea",2004,1291085.125,22.3056716918945,3.29974102973938,4412631
KOR,"Republic of Korea",2005,1338638.75,22.666088104248,3.32719564437866,4646020
KOR,"Republic of Korea",2006,1382777,23.0442409515381,3.35487866401672,4884624
KOR,"Republic of Korea",2007,1457668.5,23.4108047485352,3.3827919960022,5135703.5
KOR,"Republic of Korea",2008,1454400.875,23.6409740447998,3.41093754768372,5365608
KOR,"Republic of Korea",2009,1485051,23.6499290466309,3.43931722640991,5582609
KOR,"Republic of Korea",2010,1586915,24.0513210296631,3.467933177948,5815018
KOR,"Republic of Korea",2011,1606234.25,24.5436744689941,3.49846076965332,6035800.5
KOR,"Republic of Korea",2012,1639289.625,25.0584087371826,3.52957725524902,6239963
KOR,"Republic of Korea",2013,1700907.25,25.5231037139893,3.5612964630127,6446550
KOR,"Republic of Korea",2014,1757809.625,26.1396675109863,3.59363317489624,6659351
LKA,"Sri Lanka",1950,20610.619140625,2.27737522125244,1.48364841938019,51096.56640625
LKA,"Sri Lanka",1951,22132.109375,2.32946014404297,1.49301564693451,51376.19140625
LKA,"Sri Lanka",1952,19678.2890625,2.38273572921753,1.50244200229645,51829.390625
LKA,"Sri Lanka",1953,20580.78515625,2.43723011016846,1.51192784309387,51991.234375
LKA,"Sri Lanka",1954,23413.384765625,2.49297046661377,1.52147364616394,52324.9609375
LKA,"Sri Lanka",1955,25375.251953125,2.54998588562012,1.53107964992523,53255.72265625
LKA,"Sri Lanka",1956,23127.208984375,2.60830521583557,1.54292035102844,54021.68359375
LKA,"Sri Lanka",1957,22991.81640625,2.6679584980011,1.55485272407532,54544.453125
LKA,"Sri Lanka",1958,24299.076171875,2.72897601127625,1.5668773651123,55371.125
LKA,"Sri Lanka",1959,25549.400390625,2.79138898849487,1.57899498939514,56401.97265625
LKA,"Sri Lanka",1960,27030.275390625,2.85522937774658,1.59120631217957,57393.88671875
LKA,"Sri Lanka",1961,26925.68359375,2.9199378490448,1.60141181945801,58694.04296875
LKA,"Sri Lanka",1962,28734.05078125,2.98611307144165,1.61168277263641,59855.34765625
LKA,"Sri Lanka",1963,27906.638671875,3.05378770828247,1.62201976776123,61381.33203125
LKA,"Sri Lanka",1964,29041.056640625,3.12299585342407,1.63242292404175,62670.0703125
LKA,"Sri Lanka",1965,29991.283203125,3.19377326965332,1.64289283752441,63677.91796875
LKA,"Sri Lanka",1966,30715.4921875,3.26615405082703,1.71424806118011,65112.3984375
LKA,"Sri Lanka",1967,31460.37109375,3.34017562866211,1.77136886119843,66801.359375
LKA,"Sri Lanka",1968,33984.125,3.41587471961975,1.83039307594299,69030.7734375
LKA,"Sri Lanka",1969,35374.8203125,3.49328899383545,1.89138388633728,72214.6875
LKA,"Sri Lanka",1970,37300.60546875,3.57245802879334,1.95440721511841,75937.1796875
LKA,"Sri Lanka",1971,37625.16796875,3.61479234695435,1.97177505493164,79196.453125
LKA,"Sri Lanka",1972,38828.94140625,3.73771119117737,1.98929715156555,82796.3125
LKA,"Sri Lanka",1973,41414.65625,3.79932594299316,2.00697493553162,86271.109375
LKA,"Sri Lanka",1974,41569.1953125,3.822918176651,2.02481007575989,89868.640625
LKA,"Sri Lanka",1975,40134.44140625,3.84430980682373,2.04280352592468,93602.9765625
LKA,"Sri Lanka",1976,37733.8359375,3.89259433746338,2.05806159973145,98299.703125
LKA,"Sri Lanka",1977,36749.96484375,3.94034147262573,2.0734338760376,102665.1796875
LKA,"Sri Lanka",1978,36068.59765625,3.98031735420227,2.0889208316803,109696.84375
LKA,"Sri Lanka",1979,30717.76171875,4.01180601119995,2.10452342033386,117943.3984375
LKA,"Sri Lanka",1980,28759.001953125,4.04757070541382,2.12024259567261,127250.8515625
LKA,"Sri Lanka",1981,32405.265625,4.10814237594604,2.15442633628845,136198.90625
LKA,"Sri Lanka",1982,32717.490234375,4.30523777008057,2.1891610622406,144996.015625
LKA,"Sri Lanka",1983,34113.60546875,4.51776790618896,2.22445583343506,153252.125
LKA,"Sri Lanka",1984,37187.4921875,4.74117803573608,2.26031970977783,159160.796875
LKA,"Sri Lanka",1985,41875.0078125,4.98500776290894,2.29676175117493,164999.453125
LKA,"Sri Lanka",1986,45008.42578125,5.17183017730713,2.33705949783325,169352.03125
LKA,"Sri Lanka",1987,46781.73828125,5.15912914276123,2.37806439399719,174514.96875
LKA,"Sri Lanka",1988,47944.1875,5.12866306304932,2.41978883743286,177642.171875
LKA,"Sri Lanka",1989,49903.0234375,5.09320449829102,2.46224498748779,179983.359375
LKA,"Sri Lanka",1990,51727.96484375,5.03704214096069,2.505446434021,186111.78125
LKA,"Sri Lanka",1991,52744.890625,5.02452516555786,2.54971241950989,192774.75
LKA,"Sri Lanka",1992,57087.51953125,4.96909809112549,2.58334541320801,199683.03125
LKA,"Sri Lanka",1993,61894.22265625,5.18946313858032,2.61398696899414,208127.71875
LKA,"Sri Lanka",1994,65927.984375,5.24106073379517,2.64499163627625,217104.078125
LKA,"Sri Lanka",1995,69808.546875,5.29082012176514,2.67636442184448,224886.359375
LKA,"Sri Lanka",1996,75209.6171875,5.44246101379395,2.71290230751038,233470.65625
LKA,"Sri Lanka",1997,78357.671875,5.47821092605591,2.74993896484375,243071.984375
LKA,"Sri Lanka",1998,83383.6953125,5.8744478225708,2.78748154640198,255123.125
LKA,"Sri Lanka",1999,81169.4453125,5.86830282211304,2.82553648948669,265852.0625
LKA,"Sri Lanka",2000,81423.2265625,6.04424333572388,2.86411094665527,276428.90625
LKA,"Sri Lanka",2001,81279.3984375,5.94577026367188,2.87118268013,284473.3125
LKA,"Sri Lanka",2002,84431.2421875,6.19428873062134,2.87827229499817,292617.8125
LKA,"Sri Lanka",2003,90262.7890625,6.25730991363525,2.88537931442261,303660.375
LKA,"Sri Lanka",2004,92235.734375,6.32700300216675,2.8925039768219,317811.9375
LKA,"Sri Lanka",2005,95607.9296875,6.40217399597168,2.89964580535889,333244
LKA,"Sri Lanka",2006,104449.609375,6.68210744857788,2.89663290977478,356229.46875
LKA,"Sri Lanka",2007,114052.7734375,6.60653018951416,2.8936231136322,377940.875
LKA,"Sri Lanka",2008,122112.03125,6.71523141860962,2.89061641693115,398574.09375
LKA,"Sri Lanka",2009,140061.640625,6.66683292388916,2.88761258125305,418697.28125
LKA,"Sri Lanka",2010,154463.375,6.73179912567139,2.88461208343506,441275.21875
LKA,"Sri Lanka",2011,169465.203125,6.88640451431274,2.88162875175476,471383.5
LKA,"Sri Lanka",2012,179852.6875,6.77074289321899,2.87865304946899,506082.75
LKA,"Sri Lanka",2013,194870.390625,6.99153709411621,2.87568497657776,545185.3125
LKA,"Sri Lanka",2014,213249.34375,6.96826410293579,2.87272477149963,583719.5625
MEX,"Mexico",1950,124187.046875,7.81690740585327,1.53093492984772,399301.53125
MEX,"Mexico",1951,134276.15625,7.90731859207153,1.53150415420532,406271.1875
MEX,"Mexico",1952,140802.4375,7.99877643585205,1.5320737361908,415804.15625
MEX,"Mexico",1953,137124.09375,8.09129047393799,1.53264331817627,425075.15625
MEX,"Mexico",1954,152404.46875,8.18487453460693,1.53321325778961,437209.03125
MEX,"Mexico",1955,165087.265625,8.28229141235352,1.53378331661224,452276.09375
MEX,"Mexico",1956,176264.921875,8.39959049224854,1.54237365722656,474290.3125
MEX,"Mexico",1957,189038.859375,8.51855182647705,1.55101203918457,498232.6875
MEX,"Mexico",1958,198022.484375,8.63919830322266,1.55969893932343,518175.0625
MEX,"Mexico",1959,203902.703125,8.76155090332031,1.56843435764313,537425.625
MEX,"Mexico",1960,218379.96875,8.89005470275879,1.57721865177155,560771.3125
MEX,"Mexico",1961,224976.71875,9.13500308990479,1.59282803535461,585142.5
MEX,"Mexico",1962,234058.484375,9.38670063018799,1.60859179496765,608213.125
MEX,"Mexico",1963,256234.234375,9.6453332901001,1.62451148033142,638167.6875
MEX,"Mexico",1964,290518.4375,9.91109275817871,1.64058887958527,677661.8125
MEX,"Mexico",1965,306535.15625,10.2031726837158,1.65682518482208,723346.25
MEX,"Mexico",1966,326170.4375,10.5181608200073,1.6732223033905,772960.125
MEX,"Mexico",1967,342741.53125,10.8428745269775,1.68978178501129,823589.625
MEX,"Mexico",1968,372096.21875,11.1776113510132,1.70650506019592,884782.125
MEX,"Mexico",1969,386508.15625,11.5226812362671,1.71987664699554,935917.5
MEX,"Mexico",1970,410401.375,11.9061708450317,1.73269045352936,990516.4375
MEX,"Mexico",1971,429508.15625,12.568229675293,1.75052082538605,1041693.375
MEX,"Mexico",1972,465683.78125,13.2957763671875,1.76853466033936,1102233.125
MEX,"Mexico",1973,504218.46875,14.0739908218384,1.78673386573792,1175536.25
MEX,"Mexico",1974,537012.6875,14.8969831466675,1.80512034893036,1255158.125
MEX,"Mexico",1975,567345.8125,15.8719263076782,1.82369601726532,1343237
MEX,"Mexico",1976,599133.3125,16.5994911193848,1.84246277809143,1428438.875
MEX,"Mexico",1977,620620.1875,17.3499526977539,1.8614227771759,1501485.25
MEX,"Mexico",1978,678617.5625,18.2233543395996,1.88057780265808,1592280
MEX,"Mexico",1979,751638.625,19.3658447265625,1.89993000030518,1709751.875
MEX,"Mexico",1980,841534.0625,20.6231136322021,1.91948139667511,1850088.625
MEX,"Mexico",1981,910000.4375,21.3152637481689,1.94414365291595,2016636.125
MEX,"Mexico",1982,901469.5625,22.0087795257568,1.969123005867,2131832.25
MEX,"Mexico",1983,849505.0625,22.0574893951416,1.99442315101624,2186625.25
MEX,"Mexico",1984,862310.0625,22.9449634552002,2.02004837989807,2251734
MEX,"Mexico",1985,868862.5,24.0432510375977,2.04600286483765,2328147
MEX,"Mexico",1986,808745.375,24.7885417938232,2.07229089736938,2383035.75
MEX,"Mexico",1987,826036.8125,25.6410465240479,2.09891653060913,2436991.5
MEX,"Mexico",1988,809091,26.5365200042725,2.12588429450989,2498620
MEX,"Mexico",1989,837009.875,27.5528984069824,2.15319871902466,2568261.5
MEX,"Mexico",1990,882730.3125,28.5779609680176,2.18086385726929,2657603.75
MEX,"Mexico",1991,914603.125,29.5342578887939,2.20346689224243,2763201.75
MEX,"Mexico",1992,949889.5625,30.6230125427246,2.22630405426025,2886054
MEX,"Mexico",1993,963568.3125,31.7600288391113,2.24937796592712,2996516.75
MEX,"Mexico",1994,1009288,32.9299468994141,2.27269101142883,3122113.5
MEX,"Mexico",1995,929126.875,32.7074394226074,2.29624581336975,3172853
MEX,"Mexico",1996,975558.3125,34.1148681640625,2.32004451751709,3253597.5
MEX,"Mexico",1997,1046858.4375,36.1453514099121,2.3440899848938,3374502.25
MEX,"Mexico",1998,1094161,37.1698989868164,2.36838483810425,3515364.75
MEX,"Mexico",1999,1153444.25,37.6952743530273,2.39293122291565,3670058.75
MEX,"Mexico",2000,1241567.375,38.6096954345703,2.41773200035095,3849999.5
MEX,"Mexico",2001,1249928.75,38.7171440124512,2.43708729743958,4003551.75
MEX,"Mexico",2002,1265800.625,39.5985412597656,2.45659756660461,4150159
MEX,"Mexico",2003,1307662.75,39.8860855102539,2.47626376152039,4294485.5
MEX,"Mexico",2004,1399936.375,41.2369155883789,2.49608755111694,4461554.5
MEX,"Mexico",2005,1462672.875,41.5376014709473,2.51607012748718,4645159.5
MEX,"Mexico",2006,1581636.875,43.069450378418,2.53621244430542,4852529
MEX,"Mexico",2007,1654108,43.9019813537598,2.55651617050171,5074071.5
MEX,"Mexico",2008,1693705.125,45.0101623535156,2.57141518592834,5305336.5
MEX,"Mexico",2009,1613603.625,44.5970916748047,2.58525681495667,5489143.5
MEX,"Mexico",2010,1734610.375,48.2994537353516,2.59917283058167,5671746
MEX,"Mexico",2011,1857210.25,48.6213798522949,2.61836075782776,5878632
MEX,"Mexico",2012,1908250.125,50.8290863037109,2.63769030570984,6096434
MEX,"Mexico",2013,1923613.125,51.1693000793457,2.6571626663208,6297161.5
MEX,"Mexico",2014,1987687.875,51.4125747680664,2.67677879333496,6498113.5
SGP,"Singapore",1960,4384.14697265625,0.488724023103714,1.4577100276947,33550.0234375
SGP,"Singapore",1961,4686.20703125,0.503049612045288,1.47825813293457,33638.16015625
SGP,"Singapore",1962,5115.8134765625,0.517795145511627,1.49909603595734,33812.8359375
SGP,"Singapore",1963,5781.48486328125,0.532972872257233,1.52022755146027,35136.61328125
SGP,"Singapore",1964,5610.72900390625,0.548595488071442,1.54165697097778,35892.80859375
SGP,"Singapore",1965,6155.1787109375,0.56467604637146,1.56338858604431,37288.39453125
SGP,"Singapore",1966,6956.59619140625,0.581227898597717,1.5813649892807,38860.640625
SGP,"Singapore",1967,7961.78662109375,0.598265051841736,1.59954822063446,40971.7890625
SGP,"Singapore",1968,9155.072265625,0.615801513195038,1.6179404258728,43498.08203125
SGP,"Singapore",1969,10596.4619140625,0.633852005004883,1.63654410839081,48060.8203125
SGP,"Singapore",1970,12059.4052734375,0.652431607246399,1.65536177158356,54951.13671875
SGP,"Singapore",1971,13702.6435546875,0.702262938022614,1.66047644615173,63360.02734375
SGP,"Singapore",1972,15553.5830078125,0.752045810222626,1.66560697555542,72349.53125
SGP,"Singapore",1973,17173.841796875,0.801284611225128,1.67075324058533,81175.15625
SGP,"Singapore",1974,18644.017578125,0.826137602329254,1.67591547966003,90318.359375
SGP,"Singapore",1975,19104.78515625,0.838002324104309,1.68109369277954,98672.6171875
SGP,"Singapore",1976,20494.275390625,0.874501764774323,1.67500722408295,107333.609375
SGP,"Singapore",1977,21736.54296875,0.912191867828369,1.66894268989563,115813.3515625
SGP,"Singapore",1978,24076.0390625,0.971205294132233,1.66290020942688,125846.6796875
SGP,"Singapore",1979,26647.505859375,1.03961098194122,1.65687954425812,137388.03125
SGP,"Singapore",1980,30009.666015625,1.09954583644867,1.65088069438934,151823.65625
SGP,"Singapore",1981,32790.1328125,1.15578460693359,1.71060574054718,168416.234375
SGP,"Singapore",1982,36187.98046875,1.20003545284271,1.75741302967072,189528.34375
SGP,"Singapore",1983,40260.05078125,1.24715840816498,1.80550110340118,212802.21875
SGP,"Singapore",1984,43437.6640625,1.27484261989594,1.85490489006042,238509.53125
SGP,"Singapore",1985,41940.453125,1.27107453346252,1.90566074848175,258677.28125
SGP,"Singapore",1986,41927.14453125,1.28231108188629,1.93310272693634,274031.5
SGP,"Singapore",1987,45575.41015625,1.34764766693115,1.96093988418579,288955.625
SGP,"Singapore",1988,49621.1015625,1.41172635555267,1.989177942276,304884.9375
SGP,"Singapore",1989,54689.36328125,1.4680061340332,2.01782250404358,324576.625
SGP,"Singapore",1990,61804.91796875,1.53560721874237,2.04687976837158,346250.53125
SGP,"Singapore",1991,67287.421875,1.61789274215698,2.1113440990448,370863.5
SGP,"Singapore",1992,71360.4921875,1.65937650203705,2.17783856391907,399151.3125
SGP,"Singapore",1993,79837.1484375,1.68577396869659,2.24642753601074,430153.71875
SGP,"Singapore",1994,88224.609375,1.76218831539154,2.3171763420105,464383.84375
SGP,"Singapore",1995,98084.6875,1.85595834255219,2.39015340805054,504138.90625
SGP,"Singapore",1996,106269.59375,1.92339420318604,2.46764349937439,557309.75
SGP,"Singapore",1997,120663.359375,2.01158976554871,2.54764604568481,615680.125
SGP,"Singapore",1998,119315.59375,2.06046557426453,2.6070761680603,667339.8125
SGP,"Singapore",1999,130466.7109375,2.05279445648193,2.66368556022644,713676.25
SGP,"Singapore",2000,157298.15625,2.01998329162598,2.72152423858643,767790
SGP,"Singapore",2001,156937.28125,2.18777465820313,2.70760941505432,816479.5
SGP,"Singapore",2002,170039.46875,2.14784598350525,2.69376587867737,853098.0625
SGP,"Singapore",2003,180141.78125,2.13966822624207,2.67999315261841,884220.5
SGP,"Singapore",2004,219280.40625,2.17690324783325,2.6662905216217,921810.875
SGP,"Singapore",2005,254400.09375,2.2124605178833,2.65265846252441,960339.9375
SGP,"Singapore",2006,275413.59375,2.4532105922699,2.72960352897644,1005472.1875
SGP,"Singapore",2007,301431.9375,2.62143039703369,2.80878090858459,1060570.875
SGP,"Singapore",2008,296063.96875,2.81116342544556,2.89025473594666,1123382.125
SGP,"Singapore",2009,297736.90625,2.86505031585693,2.97409200668335,1188915.125
SGP,"Singapore",2010,351164.9375,3.01095199584961,3.0603609085083,1259760.75
SGP,"Singapore",2011,372640.4375,3.1160101890564,3.16169428825378,1333272.75
SGP,"Singapore",2012,384854.0625,3.24168682098389,3.27118372917175,1415128
SGP,"Singapore",2013,393179.40625,3.31894731521606,3.3896632194519,1494212.5
SGP,"Singapore",2014,399684.5,3.40238308906555,3.51807260513306,1567020.625
THA,"Thailand",1950,21355.873046875,9.07588291168213,1.2117041349411,83038.2109375
THA,"Thailand",1951,21294.546875,9.40147113800049,1.2247679233551,83664.21875
THA,"Thailand",1952,20861.587890625,9.73873901367188,1.23797249794006,84538.3828125
THA,"Thailand",1953,19537.14453125,10.0881052017212,1.25131940841675,85497.1875
THA,"Thailand",1954,21091.716796875,10.4500064849854,1.26481020450592,86663.328125
THA,"Thailand",1955,20261.783203125,10.8248891830444,1.27844655513763,88349.4609375
THA,"Thailand",1956,21250.34765625,11.2132196426392,1.2917343378067,89463.984375
THA,"Thailand",1957,23868.95703125,11.6154832839966,1.30516028404236,92091.0234375
THA,"Thailand",1958,24572.802734375,12.0321760177612,1.31872570514679,94795.546875
THA,"Thailand",1959,27337.978515625,12.4638166427612,1.33243215084076,98679.1171875
THA,"Thailand",1960,30600.416015625,12.910943031311,1.34628105163574,103287.28125
THA,"Thailand",1961,32700.888671875,13.248649597168,1.35476744174957,107967.140625
THA,"Thailand",1962,34198.80859375,13.5981597900391,1.36330735683441,115000.328125
THA,"Thailand",1963,36453.46484375,13.9476718902588,1.37190103530884,124605.4296875
THA,"Thailand",1964,39767.5546875,14.2991285324097,1.38054895401001,134071.015625
THA,"Thailand",1965,44104.20703125,14.6462297439575,1.38925135135651,144702.640625
THA,"Thailand",1966,50360.7109375,14.9890356063843,1.3980085849762,160107.359375
THA,"Thailand",1967,52363.48046875,15.3299779891968,1.40682101249695,176575.28125
THA,"Thailand",1968,55814.1484375,15.6761379241943,1.41568899154663,194784.46875
THA,"Thailand",1969,61522.33203125,16.0309867858887,1.42461287975311,216978.421875
THA,"Thailand",1970,83239.9375,16.4017677307129,1.43359303474426,244905.765625
THA,"Thailand",1971,86392.296875,16.5015869140625,1.44579863548279,268661.25
THA,"Thailand",1972,91095.9140625,15.9704036712646,1.45810806751251,290475.28125
THA,"Thailand",1973,101774.1875,16.6970653533936,1.47052240371704,314893.75
THA,"Thailand",1974,103421.9765625,15.3842821121216,1.48304235935211,340369.65625
THA,"Thailand",1975,106668.21875,16.2004318237305,1.49566888809204,362370.25
THA,"Thailand",1976,117459.5625,16.1749706268311,1.50840294361115,387564.5
THA,"Thailand",1977,128553.1640625,18.2477397918701,1.52124536037445,425067.28125
THA,"Thailand",1978,141698.09375,19.3714942932129,1.53419721126556,465167.34375
THA,"Thailand",1979,148778.25,19.1904697418213,1.54725933074951,502507.8125
THA,"Thailand",1980,152920.0625,22.6961193084717,1.56043255329132,536370.3125
THA,"Thailand",1981,160474.75,21.0478458404541,1.61267733573914,572729.875
THA,"Thailand",1982,167901.171875,25.054370880127,1.66667127609253,607682.4375
THA,"Thailand",1983,175709.484375,23.1369895935059,1.71918392181396,651115.5
THA,"Thailand",1984,188282.890625,24.4327507019043,1.76239216327667,697955.375
THA,"Thailand",1985,196582.03125,24.5576076507568,1.80668640136719,740157.8125
THA,"Thailand",1986,203439.125,25.5059986114502,1.85209393501282,780307.25
THA,"Thailand",1987,218301.71875,26.9475440979004,1.89864253997803,835062.0625
THA,"Thailand",1988,240382.75,28.3721694946289,1.94636118412018,909245.0625
THA,"Thailand",1989,262188.03125,29.1710300445557,1.99527895450592,1006770.125
THA,"Thailand",1990,284285.5,31.6182479858398,2.04542636871338,1142415.125
THA,"Thailand",1991,308353.875,29.8940982818604,2.0642364025116,1287288.5
THA,"Thailand",1992,346397.25,31.3842372894287,2.08321952819824,1439956.875
THA,"Thailand",1993,379822.21875,31.1221599578857,2.10237717628479,1605748.625
THA,"Thailand",1994,420908,30.4696083068848,2.12171101570129,1791067.25
THA,"Thailand",1995,473393.125,31.0286674499512,2.14122247695923,2000974.25
THA,"Thailand",1996,521970.59375,31.3330974578857,2.16091346740723,2220655.25
THA,"Thailand",1997,490938.53125,31.88623046875,2.18078565597534,2353381.5
THA,"Thailand",1998,443433.28125,30.301513671875,2.20084047317505,2361470.25
THA,"Thailand",1999,448171.90625,30.9678440093994,2.22107982635498,2370270.5
THA,"Thailand",2000,459948.96875,31.7406826019287,2.24150514602661,2389614.75
THA,"Thailand",2001,466514,32.638313293457,2.27084016799927,2414770.25
THA,"Thailand",2002,498035.875,33.7324523925781,2.30055904388428,2446716.5
THA,"Thailand",2003,553897.9375,34.6506996154785,2.33066654205322,2501804.25
THA,"Thailand",2004,592953.25,35.6596298217773,2.361168384552,2585937
THA,"Thailand",2005,620112.375,36.2453689575195,2.3920693397522,2700127.75
THA,"Thailand",2006,675163.375,36.6571273803711,2.42337465286255,2811867.25
THA,"Thailand",2007,736886.125,37.1430244445801,2.4550895690918,2918652.75
THA,"Thailand",2008,760027.25,37.7979927062988,2.48721981048584,3025245
THA,"Thailand",2009,786084.8125,38.3826789855957,2.51977038383484,3093072.5
THA,"Thailand",2010,874265.375,38.6410903930664,2.55274677276611,3188433.5
THA,"Thailand",2011,912006.9375,39.0427360534668,2.57983827590942,3291630.75
THA,"Thailand",2012,977983.875,39.5282173156738,2.60525345802307,3417899.5
THA,"Thailand",2013,946761.9375,39.723217010498,2.63137722015381,3530017.5
THA,"Thailand",2014,945941.5,38.8933067321777,2.65823411941528,3622972.75
TWN,"Taiwan",1951,12769.1416015625,2.90867137908936,1.45118296146393,32345.0234375
TWN,"Taiwan",1952,14499.5361328125,3.07001614570618,1.46479260921478,32776.0703125
TWN,"Taiwan",1953,16000.90625,3.14897084236145,1.47852993011475,33693.47265625
TWN,"Taiwan",1954,17222.712890625,3.2406587600708,1.49239599704742,34676.98828125
TWN,"Taiwan",1955,18603.275390625,3.27739262580872,1.50639224052429,35303.87109375
TWN,"Taiwan",1956,19382.57421875,3.23851799964905,1.52202343940735,36266.8828125
TWN,"Taiwan",1957,20887.2578125,3.26165127754211,1.53781688213348,37148.80859375
TWN,"Taiwan",1958,22238.9375,3.25813031196594,1.55377423763275,38381.984375
TWN,"Taiwan",1959,23831.1015625,3.27023816108704,1.56989717483521,40159.65234375
TWN,"Taiwan",1960,25781.3203125,3.24262094497681,1.5861873626709,42459.8515625
TWN,"Taiwan",1961,27500.6484375,3.36083269119263,1.59210324287415,44858.46875
TWN,"Taiwan",1962,30087.01953125,3.47482252120972,1.59804105758667,47191.7734375
TWN,"Taiwan",1963,34097.6796875,3.59687948226929,1.60400104522705,50175.93359375
TWN,"Taiwan",1964,38613.95703125,3.64268255233765,1.60998320579529,53398.09765625
TWN,"Taiwan",1965,41526.55078125,3.66716146469116,1.61598765850067,58011.28515625
TWN,"Taiwan",1966,45889.3984375,3.76088905334473,1.62390124797821,64093.0625
TWN,"Taiwan",1967,50668.86328125,3.96204900741577,1.63185358047485,71718.4453125
TWN,"Taiwan",1968,55758.73046875,4.1058349609375,1.63984489440918,81011.15625
TWN,"Taiwan",1969,61968.6796875,4.34643220901489,1.64787530899048,91166.2265625
TWN,"Taiwan",1970,69099.28125,4.59204196929932,1.65594506263733,103055.515625
TWN,"Taiwan",1971,78712.21875,4.75443840026855,1.67161536216736,118009.171875
TWN,"Taiwan",1972,90668.5703125,4.96512460708618,1.68743395805359,135559.828125
TWN,"Taiwan",1973,100607.796875,5.34462118148804,1.70340216159821,154341.234375
TWN,"Taiwan",1974,95730.265625,5.49742937088013,1.71696305274963,175241.546875
TWN,"Taiwan",1975,102655.515625,5.52585649490356,1.72919535636902,200645.09375
TWN,"Taiwan",1976,120844.0078125,5.65741443634033,1.7674241065979,225493.703125
TWN,"Taiwan",1977,134858.875,5.9721097946167,1.80649816989899,250381.03125
TWN,"Taiwan",1978,151986.140625,6.21359825134277,1.84643602371216,279841.65625
TWN,"Taiwan",1979,161767.515625,6.4042706489563,1.88725674152374,314229.09375
TWN,"Taiwan",1980,169036.1875,6.51628160476685,1.92898011207581,354749.625
TWN,"Taiwan",1981,180736.21875,6.64729166030884,1.96863758563995,397156.125
TWN,"Taiwan",1982,191794.890625,6.79465818405151,2.00911045074463,437447.34375
TWN,"Taiwan",1983,211345.53125,7.0685396194458,2.05041551589966,475045.46875
TWN,"Taiwan",1984,234414.046875,7.31258392333984,2.09256958961487,514671.34375
TWN,"Taiwan",1985,245645.171875,7.44487857818604,2.13559031486511,549275.75
TWN,"Taiwan",1986,284916.59375,7.76478242874146,2.1775016784668,591305.8125
TWN,"Taiwan",1987,317061.0625,8.05527973175049,2.22023582458496,646378
TWN,"Taiwan",1988,333137.9375,8.14299774169922,2.26380848884583,711399.9375
TWN,"Taiwan",1989,364335.375,8.30458068847656,2.30823636054993,786217.875
TWN,"Taiwan",1990,390859.46875,8.32691383361816,2.3535361289978,866427.3125
TWN,"Taiwan",1991,424386.46875,8.48820018768311,2.39670777320862,955774.5
TWN,"Taiwan",1992,452330.46875,8.68460750579834,2.44067144393921,1054009.125
TWN,"Taiwan",1993,484094.59375,8.79651355743408,2.48544144630432,1161228.125
TWN,"Taiwan",1994,518000.28125,8.9832706451416,2.53103280067444,1279288.75
TWN,"Taiwan",1995,550785.1875,9.08292007446289,2.57173633575439,1405522.375
TWN,"Taiwan",1996,591544.6875,9.10884857177734,2.60296702384949,1529767.25
TWN,"Taiwan",1997,632775.625,9.22245216369629,2.63457679748535,1665688
TWN,"Taiwan",1998,668039.75,9.33846759796143,2.66657042503357,1811737.875
TWN,"Taiwan",1999,697126.875,9.43558025360107,2.69895267486572,1956608.625
TWN,"Taiwan",2000,731610.625,9.54098033905029,2.73172807693481,2111793
TWN,"Taiwan",2001,719487.625,9.43230056762695,2.77324509620667,2207188.75
TWN,"Taiwan",2002,754621.4375,9.50432109832764,2.81539297103882,2300777.5
TWN,"Taiwan",2003,770112.5625,9.62393760681152,2.85818147659302,2393427
TWN,"Taiwan",2004,796055.6875,9.83773040771484,2.90162038803101,2511357
TWN,"Taiwan",2005,821129.875,9.99533367156982,2.94571924209595,2628773.25
TWN,"Taiwan",2006,846695.9375,10.167013168335,2.97183918952942,2741102.5
TWN,"Taiwan",2007,886822.875,10.3518676757813,2.99819040298462,2846999.5
TWN,"Taiwan",2008,845991.6875,10.4626522064209,3.02477526664734,2914523.75
TWN,"Taiwan",2009,848913,10.3391017913818,3.05159616470337,2959230.5
TWN,"Taiwan",2010,924758.25,10.5548210144043,3.07865476608276,3044584
TWN,"Taiwan",2011,939517.6875,10.7743492126465,3.10699677467346,3120336.5
TWN,"Taiwan",2012,952669.3125,10.9338483810425,3.13596105575562,3185586.5
TWN,"Taiwan",2013,989139.5625,11.0460357666016,3.1655650138855,3259894.5
TWN,"Taiwan",2014,1038770.8125,11.1721639633179,3.19582605361938,3334384.5
URY,"Uruguay",1950,13666.8740234375,0.791818678379059,1.72168636322021,22768.189453125
URY,"Uruguay",1951,16628.927734375,0.802554547786713,1.72894477844238,28243.84375
URY,"Uruguay",1952,15138.892578125,0.813436090946198,1.73623371124268,32956.95703125
URY,"Uruguay",1953,15719.779296875,0.824465155601501,1.74355363845825,36460.1484375
URY,"Uruguay",1954,17960.244140625,0.835643708705902,1.75090420246124,41433.85546875
URY,"Uruguay",1955,18376.875,0.846973776817322,1.75828576087952,45259.33984375
URY,"Uruguay",1956,18131.54296875,0.858457505702972,1.76805937290192,48559.54296875
URY,"Uruguay",1957,18952.662109375,0.870096862316132,1.77788722515106,52358.3125
URY,"Uruguay",1958,17483.755859375,0.881894171237946,1.78776979446411,53774.421875
URY,"Uruguay",1959,16947.333984375,0.893851339817047,1.79770720005035,56512.19140625
URY,"Uruguay",1960,17876.2265625,0.905970633029938,1.80769991874695,59667.0625
URY,"Uruguay",1961,18135.32421875,0.914243102073669,1.81416642665863,63028.8828125
URY,"Uruguay",1962,18509.328125,0.922591209411621,1.82065606117249,65369.734375
URY,"Uruguay",1963,17994.447265625,0.93101555109024,1.8271689414978,67050.875
URY,"Uruguay",1964,18789.486328125,0.939516663551331,1.83370506763458,68263.2734375
URY,"Uruguay",1965,18585.341796875,0.948095619678497,1.84026455879211,69078.25
URY,"Uruguay",1966,19451.384765625,0.95675265789032,1.85935521125793,70369.84375
URY,"Uruguay",1967,18708.69921875,0.965488970279694,1.8786438703537,71842.9296875
URY,"Uruguay",1968,18995.80078125,0.974304974079132,1.89813268184662,72971.84375
URY,"Uruguay",1969,20350.06640625,0.983201444149017,1.91782367229462,75075.8828125
URY,"Uruguay",1970,21915.6015625,0.992179155349731,1.93771886825562,76861.984375
URY,"Uruguay",1971,22075.9140625,0.999005854129791,1.95231103897095,79032.1015625
URY,"Uruguay",1972,21561.58203125,1.00359380245209,1.96701300144196,80405.046875
URY,"Uruguay",1973,22379.484375,1.00691056251526,1.98182570934296,81154.828125
URY,"Uruguay",1974,21843.005859375,1.01089453697205,1.99674999713898,82474.09375
URY,"Uruguay",1975,22431.431640625,1.01577115058899,2.01178669929504,85387.7578125
URY,"Uruguay",1976,22935.3828125,1.0185204744339,2.03775191307068,89817.203125
URY,"Uruguay",1977,22601.42578125,1.02251970767975,2.06405210494995,94528.6015625
URY,"Uruguay",1978,23993.359375,1.02768456935883,2.09069204330444,100222.2578125
URY,"Uruguay",1979,26084.015625,1.03364932537079,2.11767554283142,107337.4140625
URY,"Uruguay",1980,27753.5,1.03988325595856,2.14500761032104,114638.5234375
URY,"Uruguay",1981,28288.65234375,1.10893404483795,2.1714973449707,121223.78125
URY,"Uruguay",1982,25425.109375,1.10294616222382,2.19831418991089,126157.9921875
URY,"Uruguay",1983,22943.033203125,1.13510704040527,2.22546219825745,127752.1875
URY,"Uruguay",1984,22569.720703125,1.16899418830872,2.2529456615448,127792.5078125
URY,"Uruguay",1985,22557.306640625,1.22950077056885,2.28076839447021,127042.390625
URY,"Uruguay",1986,25517.283203125,1.2866325378418,2.29354190826416,127045.9453125
URY,"Uruguay",1987,28009.228515625,1.3747421503067,2.30638694763184,128402.5703125
URY,"Uruguay",1988,28063.17578125,1.39030110836029,2.3193039894104,129693.265625
URY,"Uruguay",1989,28323.56640625,1.42969644069672,2.33229327201843,130750.9765625
URY,"Uruguay",1990,27874.744140625,1.43150246143341,2.34535527229309,131230.171875
URY,"Uruguay",1991,29197.599609375,1.42547845840454,2.35418891906738,132775.59375
URY,"Uruguay",1992,32682.703125,1.45279800891876,2.36305570602417,137194.125
URY,"Uruguay",1993,34136.25390625,1.46992695331573,2.37195587158203,142434.390625
URY,"Uruguay",1994,37322.71875,1.51472055912018,2.38088941574097,147784.609375
URY,"Uruguay",1995,37136.80859375,1.54306900501251,2.38985681533813,152212.671875
URY,"Uruguay",1996,39480.1328125,1.50722968578339,2.42010712623596,157182.359375
URY,"Uruguay",1997,40162.953125,1.50679838657379,2.45074009895325,162726.828125
URY,"Uruguay",1998,41122.58984375,1.42096161842346,2.48176097869873,168822.09375
URY,"Uruguay",1999,38955.04296875,1.39517462253571,2.51317453384399,173567.953125
URY,"Uruguay",2000,36895.3359375,1.37635743618011,2.54498553276062,176977.328125
URY,"Uruguay",2001,35046.33203125,1.38499104976654,2.54196763038635,179434.890625
URY,"Uruguay",2002,31942.201171875,1.3321944475174,2.53895330429077,179728.75
URY,"Uruguay",2003,31685.224609375,1.31957483291626,2.53594255447388,179572.015625
URY,"Uruguay",2004,32815.1640625,1.37432384490967,2.53293538093567,181074.171875
URY,"Uruguay",2005,34099.3828125,1.41882836818695,2.52993178367615,184085.15625
URY,"Uruguay",2006,36354.34765625,1.4277937412262,2.54152894020081,188789.421875
URY,"Uruguay",2007,40175.2109375,1.49753570556641,2.5531792640686,194238.890625
URY,"Uruguay",2008,44910.26171875,1.52931952476501,2.5632803440094,201512.890625
URY,"Uruguay",2009,48781.40625,1.56221044063568,2.57118535041809,207440.5
URY,"Uruguay",2010,55534.89453125,1.58423006534576,2.57911467552185,214591.390625
URY,"Uruguay",2011,60884.06640625,1.66893875598907,2.6003246307373,221911.03125
URY,"Uruguay",2012,63416.04296875,1.64204740524292,2.62170910835266,231282.21875
URY,"Uruguay",2013,67497.921875,1.64618515968323,2.64326930046082,240546.375
URY,"Uruguay",2014,69742.9140625,1.65730631351471,2.66500687599182,249215.421875
USA,"United States",1950,2279786.5,62.8349990844727,2.58321285247803,7368828.5
USA,"United States",1951,2440075.5,65.080940246582,2.59599995613098,7653916
USA,"United States",1952,2530523.75,65.8558197021484,2.6088502407074,7973592
USA,"United States",1953,2655277,66.787109375,2.62176442146301,8318338
USA,"United States",1954,2640868,65.5951385498047,2.63474249839783,8650076
USA,"United States",1955,2844097.5,67.5313262939453,2.64778447151184,9021823
USA,"United States",1956,2907753.75,69.1301574707031,2.66231727600098,9390762
USA,"United States",1957,2970561.25,69.4685287475586,2.67692995071411,9743166
USA,"United States",1958,2949130.75,68.2039794921875,2.69162273406982,10053275
USA,"United States",1959,3166056.75,69.7782745361328,2.70639610290527,10434712
USA,"United States",1960,3248585.5,70.9436721801758,2.72125053405762,10803927
USA,"United States",1961,3332156.5,71.0019378662109,2.75555515289307,11151112
USA,"United States",1962,3537552.25,72.0569229125977,2.79029202461243,11569603
USA,"United States",1963,3691253.5,73.0699996948242,2.8254668712616,12025759
USA,"United States",1964,3908560.75,74.7363052368164,2.8610851764679,12536381
USA,"United States",1965,4172653.5,76.5242462158203,2.89715242385864,13106077
USA,"United States",1966,4448089,78.8570785522461,2.92837071418762,13722319
USA,"United States",1967,4563164,80.6521911621094,2.95992541313171,14296025
USA,"United States",1968,4788155.5,82.2694244384766,2.99181985855103,14888505
USA,"United States",1969,4942828,84.2536544799805,3.02405834197998,15472192
USA,"United States",1970,4945543,84.6983489990234,3.05664396286011,15973746
USA,"United States",1971,5111621.5,84.7065200805664,3.08988523483276,16485769
USA,"United States",1972,5389620.5,86.9730834960938,3.12348771095276,17084226
USA,"United States",1973,5703701,89.7405624389648,3.1574559211731,17751130
USA,"United States",1974,5598600,91.3787841796875,3.19179344177246,18319176
USA,"United States",1975,5567926.5,90.2430877685547,3.2265043258667,18749454
USA,"United States",1976,5897896,93.050910949707,3.24999570846558,19258244
USA,"United States",1977,6167635,96.2447280883789,3.27365803718567,19880750
USA,"United States",1978,6523868.5,100.205863952637,3.29749250411987,20621346
USA,"United States",1979,6707675,102.844429016113,3.32150077819824,21398030
USA,"United States",1980,6588726,103.123237609863,3.34568381309509,22033662
USA,"United States",1981,6777818.5,104.274398803711,3.35476899147034,22647426
USA,"United States",1982,6643039,103.466293334961,3.36387896537781,23128432
USA,"United States",1983,6987811.5,104.852600097656,3.3730137348175,23675250
USA,"United States",1984,7556971.5,109.188400268555,3.38217329978943,24426864
USA,"United States",1985,7884135,111.471778869629,3.39135766029358,25249576
USA,"United States",1986,8144059.5,114.049240112305,3.40006065368652,26067404
USA,"United States",1987,8399763,117.067230224609,3.4087860584259,26866096
USA,"United States",1988,8748274,119.689407348633,3.41753363609314,27655802
USA,"United States",1989,9065519,122.146018981934,3.42630386352539,28460166
USA,"United States",1990,9203227,123.401077270508,3.43509650230408,29208678
USA,"United States",1991,9191710,121.962417602539,3.4523024559021,29807548
USA,"United States",1992,9530917,122.231887817383,3.46959495544434,30447546
USA,"United States",1993,9827602,123.59285736084,3.48697352409363,31142584
USA,"United States",1994,10262589,126.198081970215,3.50443959236145,31914476
USA,"United States",1995,10550124,127.997169494629,3.5219931602478,32739804
USA,"United States",1996,10988194,129.911193847656,3.53323888778687,33669848
USA,"United States",1997,11538199,132.932144165039,3.54452061653137,34694968
USA,"United States",1998,12132393,135.077072143555,3.5558385848999,35854404
USA,"United States",1999,12720219,137.337097167969,3.56719255447388,37122332
USA,"United States",2000,13222419,139.29606628418,3.5785825252533,38439588
USA,"United States",2001,13355489,139.443893432617,3.58833718299866,39627500
USA,"United States",2002,13591523,139.084320068359,3.59811854362488,40679832
USA,"United States",2003,13961596,140.231399536133,3.6079261302948,41793132
USA,"United States",2004,14499944,141.630981445313,3.61776089668274,43024076
USA,"United States",2005,14958727,143.989898681641,3.62762236595154,44360180
USA,"United States",2006,15353601,146.615249633789,3.64232897758484,45671956
USA,"United States",2007,15605977,148.201858520508,3.65709471702576,46844304
USA,"United States",2008,15357469,147.526229858398,3.67192077636719,47779436
USA,"United States",2009,15005201,142.106582641602,3.68680667877197,48245684
USA,"United States",2010,15368666,141.349105834961,3.70175337791443,48728140
USA,"United States",2011,15590957,142.21745300293,3.70701098442078,49279028
USA,"United States",2012,15976742,144.862838745117,3.71227598190308,49960600
USA,"United States",2013,16274530,146.210968017578,3.71754860877991,50633784
USA,"United States",2014,16704698,148.463394165039,3.72282862663269,51190644
VNM,"Viet Nam",1970,34407.4609375,16.2685165405273,1.4941600561142,69626.34375
VNM,"Viet Nam",1971,35732.265625,16.6552886962891,1.51671361923218,70249.5078125
VNM,"Viet Nam",1972,36449.7421875,17.0497913360596,1.53960776329041,71173.640625
VNM,"Viet Nam",1973,35964.08203125,17.4382171630859,1.56284737586975,72158.34375
VNM,"Viet Nam",1974,36847.65625,17.8051795959473,1.58643782138824,73326.484375
VNM,"Viet Nam",1975,37943.4453125,18.1809597015381,1.61038422584534,74672.2109375
VNM,"Viet Nam",1976,42135.20703125,18.5573501586914,1.63744878768921,76476.3046875
VNM,"Viet Nam",1977,47835.8828125,19.1940155029297,1.66496825218201,78862.8515625
VNM,"Viet Nam",1978,48692.015625,19.3249816894531,1.69295012950897,81341.3828125
VNM,"Viet Nam",1979,51956.34375,19.5614051818848,1.71837842464447,84125.359375
VNM,"Viet Nam",1980,50091.4140625,20.2437286376953,1.74010109901428,86697.8515625
VNM,"Viet Nam",1981,52987.625,20.6319217681885,1.74470925331116,89533.265625
VNM,"Viet Nam",1982,57287.6484375,21.5833606719971,1.74932956695557,92744.6953125
VNM,"Viet Nam",1983,61321.62890625,22.3982448577881,1.75396203994751,96248.09375
VNM,"Viet Nam",1984,66524.0546875,23.5000247955322,1.75860679149628,100275.1953125
VNM,"Viet Nam",1985,70224.9453125,26.4391536712646,1.76326394081116,104535.921875
VNM,"Viet Nam",1986,72444.046875,27.8537483215332,1.75027883052826,108712.578125
VNM,"Viet Nam",1987,74534.53125,28.4375591278076,1.73738944530487,113555.515625
VNM,"Viet Nam",1988,78187.6484375,28.9658851623535,1.72459483146667,118144.703125
VNM,"Viet Nam",1989,81338.8125,29.3305568695068,1.71189451217651,122139.9453125
VNM,"Viet Nam",1990,86683.390625,30.7032260894775,1.6960756778717,129885.609375
VNM,"Viet Nam",1991,94968,31.428373336792,1.72193503379822,136331.4375
VNM,"Viet Nam",1992,102696.3203125,32.3259239196777,1.74488401412964,147623.15625
VNM,"Viet Nam",1993,108265.796875,33.2904853820801,1.76813900470734,163940.234375
VNM,"Viet Nam",1994,114300.2421875,34.2844352722168,1.79170382022858,185176.109375
VNM,"Viet Nam",1995,123596.1484375,35.3324394226074,1.81558275222778,209625.203125
VNM,"Viet Nam",1996,132971.375,36.0475463867188,1.84584867954254,237538.25
VNM,"Viet Nam",1997,143914.109375,36.2482032775879,1.87661921977997,268159.5
VNM,"Viet Nam",1998,152268.4375,37.5901336669922,1.90790271759033,302542.875
VNM,"Viet Nam",1999,160348.6875,38.7194213867188,1.93970763683319,336601.71875
VNM,"Viet Nam",2000,168599.296875,38.890079498291,1.97204279899597,373273.25
VNM,"Viet Nam",2001,179414.84375,39.4303741455078,2.01308059692383,413507.78125
VNM,"Viet Nam",2002,191402.390625,40.4734916687012,2.05497241020203,458600.34375
VNM,"Viet Nam",2003,203165.15625,41.3539505004883,2.09773588180542,508675.40625
VNM,"Viet Nam",2004,223179.96875,42.344482421875,2.1413893699646,563232.4375
VNM,"Viet Nam",2005,247440.8125,43.32275390625,2.18595147132874,627902.125
VNM,"Viet Nam",2006,269044.21875,44.4862251281738,2.23101854324341,691083.6875
VNM,"Viet Nam",2007,288039.96875,45.6982879638672,2.27701449394226,772160.625
VNM,"Viet Nam",2008,311209.46875,47.1281661987305,2.32395887374878,853431.25
VNM,"Viet Nam",2009,329502.75,47.3862609863281,2.37187123298645,940625.0625
VNM,"Viet Nam",2010,374443.875,48.7777862548828,2.42077112197876,1036904.625
VNM,"Viet Nam",2011,407190.9375,49.6512756347656,2.47524619102478,1118150.25
VNM,"Viet Nam",2012,444350.3125,50.7383346557617,2.53261423110962,1198523.125
VNM,"Viet Nam",2013,465706.5625,51.5684509277344,2.5822114944458,1282863.5
VNM,"Viet Nam",2014,494779.0625,52.1771430969238,2.62478399276733,1376593.75
ZAF,"South Africa",1950,71797.640625,5.62973880767822,1.65235769748688,203917.078125
ZAF,"South Africa",1951,72899.296875,5.74127340316772,1.66997063159943,216441.390625
ZAF,"South Africa",1952,67809.84375,5.85501718521118,1.68777120113373,221969.5
ZAF,"South Africa",1953,75868.1953125,5.97101545333862,1.70576155185699,231106.265625
ZAF,"South Africa",1954,82151.125,6.08931159973145,1.720290184021,243506.328125
ZAF,"South Africa",1955,85386.875,6.20995140075684,1.73409330844879,257091.34375
ZAF,"South Africa",1956,90767.9453125,6.33298063278198,1.73502349853516,269898.65625
ZAF,"South Africa",1957,95815.8203125,6.45844793319702,1.73595416545868,285060.84375
ZAF,"South Africa",1958,95649.7109375,6.58640146255493,1.73688530921936,299734.46875
ZAF,"South Africa",1959,97652.9609375,6.71688890457153,1.7378169298172,306672.15625
ZAF,"South Africa",1960,101677.375,6.84996271133423,1.73874914646149,318101.5
ZAF,"South Africa",1961,105669.5390625,6.89599370956421,1.74422097206116,328548.3125
ZAF,"South Africa",1962,110045.671875,6.91907453536987,1.7497102022171,337271.84375
ZAF,"South Africa",1963,117647.34375,6.96484375,1.75521659851074,352181.875
ZAF,"South Africa",1964,126149.171875,7.07449626922607,1.76074039936066,371495.125
ZAF,"South Africa",1965,132327.359375,7.17814302444458,1.76628148555756,394599.78125
ZAF,"South Africa",1966,138928.640625,7.24160385131836,1.77184009552002,413438.15625
ZAF,"South Africa",1967,149692.015625,7.32427310943604,1.77741622924805,439586.28125
ZAF,"South Africa",1968,156734.75,7.41757440567017,1.78300976753235,461855.34375
ZAF,"South Africa",1969,168272.671875,7.48301410675049,1.78862106800079,488320.28125
ZAF,"South Africa",1970,176439.5625,7.60146856307983,1.7942498922348,521615
ZAF,"South Africa",1971,180400.75,7.65474557876587,1.8013254404068,559275.4375
ZAF,"South Africa",1972,189664.203125,7.71433544158936,1.80842876434326,597754.375
ZAF,"South Africa",1973,215258.53125,7.77831029891968,1.81556022167206,637378.625
ZAF,"South Africa",1974,230702.328125,7.83940982818604,1.8227196931839,679037.0625
ZAF,"South Africa",1975,222462.9375,7.89862012863159,1.82990741729736,726172.875
ZAF,"South Africa",1976,221428.484375,7.95176649093628,1.83712351322174,769607.875
ZAF,"South Africa",1977,221057.484375,8.00505542755127,1.84436810016632,805202.625
ZAF,"South Africa",1978,231354.1875,8.05789184570313,1.85164129734039,836877.5625
ZAF,"South Africa",1979,244063.90625,8.11005878448486,1.85894298553467,869463.3125
ZAF,"South Africa",1980,278490.09375,8.15973567962646,1.8662736415863,913644.125
ZAF,"South Africa",1981,278588.125,8.30856132507324,1.87038958072662,963302.625
ZAF,"South Africa",1982,278229.15625,8.45809268951416,1.87451457977295,1006583.125
ZAF,"South Africa",1983,282394.375,8.60850811004639,1.87864875793457,1042953.9375
ZAF,"South Africa",1984,294247,8.75583934783936,1.8827919960022,1076672.125
ZAF,"South Africa",1985,288860.96875,8.89626407623291,1.88694429397583,1101891.625
ZAF,"South Africa",1986,282019.71875,9.00434303283691,1.89110600948334,1110072.875
ZAF,"South Africa",1987,292452.4375,9.4328556060791,1.89527666568756,1115045.625
ZAF,"South Africa",1988,302149.0625,9.85478591918945,1.89945662021637,1131473.625
ZAF,"South Africa",1989,308631.25,10.2810611724854,1.90364575386047,1152110.75
ZAF,"South Africa",1990,307809.53125,10.7201652526855,1.90784406661987,1169771.875
ZAF,"South Africa",1991,306914.5,11.17844581604,1.92495584487915,1182196
ZAF,"South Africa",1992,305569.34375,11.4102926254272,1.94222116470337,1189692.875
ZAF,"South Africa",1993,316676.125,11.6333589553833,1.95964133739471,1197692.375
ZAF,"South Africa",1994,323953,11.8854112625122,1.97721779346466,1211817.375
ZAF,"South Africa",1995,340656.0625,12.1637620925903,1.99495184421539,1233378
ZAF,"South Africa",1996,354371.15625,12.4206466674805,2.0128448009491,1259848.125
ZAF,"South Africa",1997,362993.625,12.6613988876343,2.0308985710144,1288492.875
ZAF,"South Africa",1998,367704.625,12.8766975402832,2.04911398887634,1318712.75
ZAF,"South Africa",1999,376161.84375,13.1020097732544,2.06749296188354,1338596.625
ZAF,"South Africa",2000,395358.46875,13.3219861984253,2.08603668212891,1359514
ZAF,"South Africa",2001,410021.59375,12.9264230728149,2.12451338768005,1381367.75
ZAF,"South Africa",2002,433412.8125,13.6203765869141,2.16369986534119,1405726.875
ZAF,"South Africa",2003,449472.375,13.3845252990723,2.20360922813416,1436668.875
ZAF,"South Africa",2004,470784.46875,13.5918169021606,2.24425435066223,1477369.25
ZAF,"South Africa",2005,497735.71875,14.2922945022583,2.28564929962158,1527744.5
ZAF,"South Africa",2006,536275.8125,15.2302913665771,2.32780814170837,1589551.625
ZAF,"South Africa",2007,567576.4375,15.1320648193359,2.37074422836304,1665111.125
ZAF,"South Africa",2008,575804.3125,15.6982803344727,2.41447234153748,1754153.5
ZAF,"South Africa",2009,568827.75,15.4662790298462,2.45900702476501,1824819.375
ZAF,"South Africa",2010,593301.375,15.3666648864746,2.50436329841614,1885668.25
ZAF,"South Africa",2011,624811.3125,16.2044811248779,2.55771446228027,1952359.75
ZAF,"South Africa",2012,635144.25,16.8708114624023,2.59601163864136,2020324.25
ZAF,"South Africa",2013,649232.75,17.6526298522949,2.63514924049377,2095883.25
ZAF,"South Africa",2014,654559.4375,18.2567176818848,2.67595052719116,2165589.5
